{ 
    "nodes" : [
      {"id":"Gold", "name": "Gold", "category":"award"},
      {"id":"Silver", "name": "Silver", "category":"award"},
      {"id":"Bronze", "name": "Bronze", "category":"award"},
      {"id":"RUS", "name" : "Russia", "category":"country"},
      {"id":"NOR", "name" : "Norway", "category":"country"},
      {"id":"CAN", "name" : "Canada", "category":"country"},
      {"id":"USA", "name" : "USA", "category":"country"},
      {"id":"NED", "name" : "Netherlands", "category":"country"},
      {"id":"GER", "name" : "Germany", "category":"country"},
      {"id":"SUI", "name" : "Switzerland", "category":"country"},
      {"id":"BLR", "name" : "Belarus", "category":"country"},
      {"id":"AUT", "name" : "Austria", "category":"country"},
      {"id":"FRA", "name" : "France", "category":"country"},
      {"id":"POL", "name" : "Poland", "category":"country"},
      {"id":"CHN", "name" : "China", "category":"country"},
      {"id":"KOR", "name" : "South Korea", "category":"country"},
      {"id":"SWE", "name" : "Sweden", "category":"country"},
      {"id":"CZE", "name" : "Czech Republic", "category":"country"},
      {"id":"SLO", "name" : "Slovenia", "category":"country"},
      {"id":"JPN", "name" : "Japan", "category":"country"},
      {"id":"FIN", "name" : "Finland", "category":"country"},
      {"id":"GBR", "name" : "Great Britain", "category":"country"},
      {"id":"UKR", "name" : "Ukraine", "category":"country"},
      {"id":"SVK", "name" : "Slovakia", "category":"country"},
      {"id":"ITA", "name" : "Italy", "category":"country"},
      {"id":"LAT", "name" : "Latvia", "category":"country"},
      {"id":"AUS", "name" : "Australia", "category":"country"},
      {"id":"CRO", "name" : "Croatia", "category":"country"},
      {"id":"KAZ", "name" : "Kazakhstan", "category":"country"},
      {"id":"Alpine Skiing", "name" : "Alpine Skiing", "category":"sport"},
      {"id":"Biatlon", "name" : "Biatlon", "category":"sport"},
      {"id":"Bobsleigh", "name" : "Bobsleigh", "category":"sport"},
      {"id":"Cross Country Skiing", "name" : "Cross Country Skiing", "category":"sport"},
      {"id":"Curling", "name" : "Curling", "category":"sport"},
      {"id":"Freestyle Skiing", "name" : "Freestyle Skiing", "category":"sport"},
      {"id":"Figure Skating", "name" : "Figure Skating", "category":"sport"},
      {"id":"Ice Hockey", "name" : "Ice Hockey", "category":"sport"},
      {"id":"Luge", "name" : "Luge", "category":"sport"},
      {"id":"Nordic Combined", "name" : "Nordic Combined", "category":"sport"},
      {"id":"Speed Track Speed Skating", "name" : "Speed Track Speed Skating", "category":"sport"},
      {"id":"Skeleton", "name" : "Skeleton", "category":"sport"},
      {"id":"Ski Jumping", "name" : "Ski Jumping", "category":"sport"},
      {"id":"Snowboarding", "name" : "Snowboard", "category":"sport"},
      {"id":"Speed Skating", "name" : "Speed Skating", "category":"sport"}
    ],
    "links": [
      {"id":"L0", "source": "Gold", "target": "RUS", "items" : 13},
      {"id":"L1", "source": "Gold", "target": "NOR", "items" : 11},
      {"id":"L2", "source": "Gold", "target": "CAN", "items" : 10},
      {"id":"L3", "source": "Gold", "target": "USA", "items" : 9},
      {"id":"L4", "source": "Gold", "target": "NED", "items" : 8},
      {"id":"L5", "source": "Gold", "target": "GER", "items" : 8},
      {"id":"L6", "source": "Gold", "target": "SUI", "items" : 6},
      {"id":"L7", "source": "Gold", "target": "BLR", "items" : 5},
      {"id":"L8", "source": "Gold", "target": "AUT", "items" : 4},
      {"id":"L9", "source": "Gold", "target": "FRA", "items" : 4},
      {"id":"L10", "source": "Gold", "target": "POL", "items" : 4},
      {"id":"L11", "source": "Gold", "target": "CHN", "items" : 3},
      {"id":"L12", "source": "Gold", "target": "KOR", "items" : 3},
      {"id":"L13", "source": "Gold", "target": "SWE", "items" : 2},
      {"id":"L14", "source": "Gold", "target": "CZE", "items" : 2},
      {"id":"L15", "source": "Gold", "target": "SLO", "items" : 2},
      {"id":"L16", "source": "Gold", "target": "JPN", "items" : 1},
      {"id":"L17", "source": "Gold", "target": "FIN", "items" : 1},    
      {"id":"L18", "source": "Gold", "target": "GBR", "items" : 1},
      {"id":"L19", "source": "Gold", "target": "UKR", "items" : 1},
      {"id":"L20", "source": "Gold", "target": "SVK", "items" : 1},
      {"id":"L21", "source": "Silver", "target": "RUS", "items" : 11},
      {"id":"L22", "source": "Silver", "target": "NOR", "items" : 5},
      {"id":"L23", "source": "Silver", "target": "CAN", "items" : 10},
      {"id":"L24", "source": "Silver", "target": "USA", "items" : 7},
      {"id":"L25", "source": "Silver", "target": "NED", "items" : 7},
      {"id":"L26", "source": "Silver", "target": "GER", "items" : 6},
      {"id":"L27", "source": "Silver", "target": "SUI", "items" : 3},
      {"id":"L29", "source": "Silver", "target": "AUT", "items" : 8},
      {"id":"L30", "source": "Silver", "target": "FRA", "items" : 4},
      {"id":"L31", "source": "Silver", "target": "POL", "items" : 1},
      {"id":"L32", "source": "Silver", "target": "CHN", "items" : 4},
      {"id":"L33", "source": "Silver", "target": "KOR", "items" : 3},
      {"id":"L34", "source": "Silver", "target": "SWE", "items" : 7},
      {"id":"L35", "source": "Silver", "target": "CZE", "items" : 4},
      {"id":"L36", "source": "Silver", "target": "SLO", "items" : 2},
      {"id":"L37", "source": "Silver", "target": "JPN", "items" : 4},
      {"id":"L38", "source": "Silver", "target": "FIN", "items" : 3},
      {"id":"L39", "source": "Silver", "target": "GBR", "items" : 1},
      {"id":"L42", "source": "Silver", "target": "ITA", "items" : 2},
      {"id":"L43", "source": "Silver", "target": "LAT", "items" : 2},
      {"id":"L44", "source": "Silver", "target": "AUS", "items" : 2},
      {"id":"L45", "source": "Silver", "target": "CRO", "items" : 1},
      {"id":"L47", "source": "Bronze", "target": "RUS", "items" : 9},
      {"id":"L48", "source": "Bronze", "target": "NOR", "items" : 10},
      {"id":"L49", "source": "Bronze", "target": "CAN", "items" : 5},
      {"id":"L50", "source": "Bronze", "target": "USA", "items" : 12},
      {"id":"L51", "source": "Bronze", "target": "NED", "items" : 9},
      {"id":"L52", "source": "Bronze", "target": "GER", "items" : 5},
      {"id":"L53", "source": "Bronze", "target": "SUI", "items" : 3},
      {"id":"L54", "source": "Bronze", "target": "BLR", "items" : 2},
      {"id":"L55", "source": "Bronze", "target": "AUT", "items" : 1},
      {"id":"L56", "source": "Bronze", "target": "FRA", "items" : 5},
      {"id":"L57", "source": "Bronze", "target": "POL", "items" : 1},
      {"id":"L58", "source": "Bronze", "target": "CHN", "items" : 7},
      {"id":"L59", "source": "Bronze", "target": "KOR", "items" : 1},
      {"id":"L60", "source": "Bronze", "target": "SWE", "items" : 2},
      {"id":"L61", "source": "Bronze", "target": "CZE", "items" : 2},
      {"id":"L62", "source": "Bronze", "target": "SLO", "items" : 6},
      {"id":"L63", "source": "Bronze", "target": "JPN", "items" : 2},
      {"id":"L64", "source": "Bronze", "target": "FIN", "items" : 4},
      {"id":"L65", "source": "Bronze", "target": "GBR", "items" : 3},
      {"id":"L66", "source": "Bronze", "target": "UKR", "items" : 1},
      {"id":"L67", "source": "Bronze", "target": "SVK", "items" : 0},
      {"id":"L68", "source": "Bronze", "target": "ITA", "items" : 6},
      {"id":"L69", "source": "Bronze", "target": "LAT", "items" : 2},
      {"id":"L70", "source": "Bronze", "target": "AUS", "items" : 1},
      {"id":"L71", "source": "Bronze", "target": "CRO", "items" : 0},
      {"id":"L71", "source": "Bronze", "target": "KAZ", "items" : 1},
      {"id":"L72", "source": "RUS", "target": "Figure Skating", "items" : 5},
      {"id":"L73", "source": "RUS", "target": "Speed Track Speed Skating", "items" : 5},
      {"id":"L74", "source": "RUS", "target": "Snowboarding", "items" : 4},
      {"id":"L75", "source": "RUS", "target": "Bobsleigh", "items" : 2},
      {"id":"L76", "source": "RUS", "target": "Cross Country Skiing", "items" : 5},
      {"id":"L77", "source": "RUS", "target": "Biatlon", "items" : 4},
      {"id":"L78", "source": "RUS", "target": "Skeleton", "items" : 2},
      {"id":"L79", "source": "RUS", "target": "Luge", "items" : 2},
      {"id":"L80", "source": "RUS", "target": "Speed Skating", "items" : 3},
      {"id":"L81", "source": "RUS", "target": "Freestyle Skiing", "items" : 1},
      {"id":"L82", "source": "NOR", "target": "Cross Country Skiing", "items" : 11},
      {"id":"L83", "source": "NOR", "target": "Biatlon", "items" : 6},
      {"id":"L84", "source": "NOR", "target": "Nordic Combined", "items" : 4},
      {"id":"L85", "source": "NOR", "target": "Alpine Skiing", "items" : 3},
      {"id":"L86", "source": "NOR", "target": "Snowboarding", "items" : 1},
      {"id":"L87", "source": "NOR", "target": "Ski Jumping", "items" : 1},
      {"id":"L88", "source": "CAN", "target": "Freestyle Skiing", "items" : 9},
      {"id":"L89", "source": "CAN", "target": "Curling", "items" : 2},
      {"id":"L90", "source": "CAN", "target": "Ice Hockey", "items" : 2},
      {"id":"L91", "source": "CAN", "target": "Speed Track Speed Skating", "items" : 3},
      {"id":"L92", "source": "CAN", "target": "Bobsleigh", "items" : 1},
      {"id":"L93", "source": "CAN", "target": "Figure Skating", "items" : 3},
      {"id":"L94", "source": "CAN", "target": "Snowboarding", "items" : 2},
      {"id":"L95", "source": "CAN", "target": "Speed Skating", "items" : 2},
      {"id":"L96", "source": "CAN", "target": "Alpine Skiing", "items" : 1},    
      {"id":"L97", "source": "USA", "target": "Freestyle Skiing", "items" : 7},
      {"id":"L98", "source": "USA", "target": "Snowboarding", "items" : 5},
      {"id":"L99", "source": "USA", "target": "Alpine Skiing", "items" : 5},
      {"id":"L100", "source": "USA", "target": "Figure Skating", "items" : 2},
      {"id":"L101", "source": "USA", "target": "Bobsleigh", "items" : 4},
      {"id":"L102", "source": "USA", "target": "Skeleton", "items" : 2},
      {"id":"L103", "source": "USA", "target": "Ice Hockey", "items" : 1},
      {"id":"L104", "source": "USA", "target": "Speed Track Speed Skating", "items" : 1},
      {"id":"L105", "source": "USA", "target": "Luge", "items" : 1},
      {"id":"L106", "source": "NED", "target": "Speed Skating", "items" : 23},
      {"id":"L107", "source": "NED", "target": "Speed Track Speed Skating", "items" : 1},
      {"id":"L108", "source": "GER", "target": "Alpine Skiing", "items" : 3},
      {"id":"L109", "source": "GER", "target": "Biatlon", "items" : 2},
      {"id":"L110", "source": "GER", "target": "Cross Country Skiing", "items" : 1},
      {"id":"L111", "source": "GER", "target": "Figure Skating", "items" : 1},
      {"id":"L112", "source": "GER", "target": "Luge", "items" : 5},
      {"id":"L113", "source": "GER", "target": "Nordic Combined", "items" : 3},
      {"id":"L114", "source": "GER", "target": "Ski Jumping", "items" : 2},
      {"id":"L115", "source": "GER", "target": "Snowboarding", "items" : 1},
      {"id":"L116", "source": "SUI", "target": "Alpine Skiing", "items" : 3},
      {"id":"L117", "source": "SUI", "target": "Biatlon", "items" : 1},
      {"id":"L118", "source": "SUI", "target": "Bobsleigh", "items" : 1},
      {"id":"L119", "source": "SUI", "target": "Cross Country Skiing", "items" : 2},
      {"id":"L120", "source": "SUI", "target": "Ice Hockey", "items" : 1},
      {"id":"L121", "source": "SUI", "target": "Snowboarding", "items" : 3},
      {"id":"L122", "source": "BLR", "target": "Biatlon", "items" : 4},
      {"id":"L123", "source": "BLR", "target": "Freestyle Skiing", "items" : 2},
      {"id":"L124", "source": "AUT", "target": "Alpine Skiing", "items" : 9},
      {"id":"L125", "source": "AUT", "target": "Snowboarding", "items" : 2},
      {"id":"L126", "source": "AUT", "target": "Ski Jumping", "items" : 2},
      {"id":"L127", "source": "AUT", "target": "Biatlon", "items" : 2},
      {"id":"L128", "source": "AUT", "target": "Luge", "items" : 1},
      {"id":"L129", "source": "AUT", "target": "Nordic Combined", "items" : 1},
      {"id":"L130", "source": "FRA", "target": "Alpine Skiing", "items" : 2},
      {"id":"L131", "source": "FRA", "target": "Biatlon", "items" : 4},
      {"id":"L132", "source": "FRA", "target": "Cross Country Skiing", "items" : 1},
      {"id":"L133", "source": "FRA", "target": "Freestyle Skiing", "items" : 5},
      {"id":"L134", "source": "FRA", "target": "Ski Jumping", "items" : 1},
      {"id":"L135", "source": "FRA", "target": "Snowboarding", "items" : 2},
      {"id":"L136", "source": "POL", "target": "Cross Country Skiing", "items" : 1},
      {"id":"L137", "source": "POL", "target": "Ski Jumping", "items" : 2},
      {"id":"L138", "source": "POL", "target": "Speed Skating", "items" : 3},
      {"id":"L139", "source": "CHN", "target": "Freestyle Skiing", "items" : 2},
      {"id":"L140", "source": "CHN", "target": "Speed Skating", "items" : 1},
      {"id":"L141", "source": "CHN", "target": "Speed Track Speed Skating", "items" : 6},  
      {"id":"L142", "source": "KOR", "target": "Speed Skating", "items" : 2},
      {"id":"L143", "source": "KOR", "target": "Speed Track Speed Skating", "items" : 5},
      {"id":"L144", "source": "KOR", "target": "Figure Skating", "items" : 1},      
      {"id":"L145", "source": "SWE", "target": "Cross Country Skiing", "items" : 11},
      {"id":"L146", "source": "SWE", "target": "Curling", "items" : 2},
      {"id":"L147", "source": "SWE", "target": "Ice Hockey", "items" : 1},
      {"id":"L148", "source": "SWE", "target": "Freestyle Skiing", "items" : 1},
      {"id":"L149", "source": "CZE", "target": "Biatlon", "items" : 5},
      {"id":"L150", "source": "CZE", "target": "Speed Skating", "items" : 2},
      {"id":"L151", "source": "CZE", "target": "Snowboarding", "items" : 1},
      {"id":"L152", "source": "SLO", "target": "Alpine Skiing", "items" : 2}, 
      {"id":"L153", "source": "SLO", "target": "Biatlon", "items" : 1},
      {"id":"L154", "source": "SLO", "target": "Cross Country Skiing", "items" : 1},
      {"id":"L155", "source": "SLO", "target": "Ski Jumping", "items" : 2},
      {"id":"L156", "source": "SLO", "target": "Snowboarding", "items" : 2},
      {"id":"L157", "source": "JPN", "target": "Figure Skating", "items" : 1}, 
      {"id":"L158", "source": "JPN", "target": "Snowboarding", "items" : 3},
      {"id":"L159", "source": "JPN", "target": "Ski Jumping", "items" : 2},
      {"id":"L160", "source": "JPN", "target": "Nordic Combined", "items" : 1},
      {"id":"L161", "source": "JPN", "target": "Freestyle Skiing", "items" : 1},
      {"id":"L162", "source": "FIN", "target": "Cross Country Skiing", "items" : 3},
      {"id":"L163", "source": "FIN", "target": "Ice Hockey", "items" : 1},
      {"id":"L164", "source": "FIN", "target": "Snowboarding", "items" : 1},
      {"id":"L165", "source": "GBR", "target": "Curling", "items" : 2},
      {"id":"L166", "source": "GBR", "target": "Skeleton", "items" : 1},
      {"id":"L167", "source": "GBR", "target": "Snowboarding", "items" : 1},
      {"id":"L168", "source": "UKR", "target": "Biatlon", "items" : 1},
      {"id":"L169", "source": "SVK", "target": "Biatlon", "items" : 1},
      {"id":"L170", "source": "ITA", "target": "Alpine Skiing", "items" : 2}, 
      {"id":"L171", "source": "ITA", "target": "Biatlon", "items" : 1},
      {"id":"L172", "source": "ITA", "target": "Figure Skating", "items" : 1},
      {"id":"L173", "source": "ITA", "target": "Luge", "items" : 1},
      {"id":"L174", "source": "ITA", "target": "Speed Track Speed Skating", "items" : 3},
      {"id":"L175", "source": "LAT", "target": "Bobsleigh", "items" : 1},
      {"id":"L176", "source": "LAT", "target": "Luge", "items" : 2},
      {"id":"L177", "source": "LAT", "target": "Skeleton", "items" : 1},
      {"id":"L178", "source": "AUS", "target": "Freestyle Skiing", "items" : 2},
      {"id":"L179", "source": "AUS", "target": "Snowboarding", "items" : 1},
      {"id":"L180", "source": "CRO", "target": "Alpine Skiing", "items" : 1},
      {"id":"L181", "source": "KAZ", "target": "Figure Skating", "items" : 1}
    ]
  }